frame_id,timestamp,class_name,confidence,x1,y1,x2,y2
1,0.05,car,0.88,347,158,401,204
1,0.05,car,0.69,237,152,284,190
1,0.05,car,0.65,254,136,294,171
1,0.05,car,0.65,331,151,372,190
1,0.05,car,0.63,98,128,136,155
1,0.05,car,0.5,140,112,167,131
1,0.05,car,0.47,305,108,334,130
1,0.05,car,0.36,1,135,33,172
1,0.05,car,0.35,161,103,183,128
1,0.05,car,0.34,333,123,366,148
1,0.05,car,0.31,348,171,401,204
2,0.1,car,0.83,348,159,402,207
2,0.1,car,0.75,236,153,284,191
2,0.1,car,0.64,100,127,137,155
2,0.1,car,0.6,330,152,372,192
2,0.1,car,0.53,253,137,294,171
2,0.1,car,0.46,140,112,167,131
2,0.1,car,0.4,305,109,335,130
2,0.1,car,0.39,2,133,37,171
2,0.1,car,0.34,162,103,184,127
2,0.1,car,0.26,122,95,149,115
3,0.15,car,0.78,102,126,139,155
3,0.15,car,0.73,235,154,285,192
3,0.15,car,0.71,348,161,403,207
3,0.15,car,0.62,331,154,372,193
3,0.15,car,0.42,142,112,168,130
3,0.15,car,0.39,163,103,185,125
3,0.15,car,0.39,307,109,336,131
3,0.15,car,0.37,255,137,295,171
3,0.15,car,0.37,334,124,367,151
3,0.15,car,0.34,2,134,39,169
3,0.15,car,0.31,122,95,149,114
4,0.2,car,0.75,103,126,141,154
4,0.2,car,0.75,349,163,404,209
4,0.2,car,0.73,235,155,285,194
4,0.2,car,0.62,331,154,373,195
4,0.2,car,0.45,144,111,169,129
4,0.2,car,0.42,334,124,368,151
4,0.2,car,0.42,252,137,295,172
4,0.2,car,0.35,307,109,337,132
4,0.2,car,0.32,164,101,186,124
4,0.2,car,0.3,2,133,43,169
4,0.2,car,0.26,123,95,150,114
5,0.25,car,0.75,105,125,142,153
5,0.25,car,0.74,236,157,285,195
5,0.25,car,0.72,349,164,406,211
5,0.25,car,0.62,331,155,373,195
5,0.25,car,0.48,334,124,368,151
5,0.25,car,0.45,255,138,295,173
5,0.25,car,0.44,144,112,171,129
5,0.25,car,0.41,2,133,45,168
5,0.25,car,0.34,308,110,337,132
5,0.25,car,0.28,165,102,187,123
5,0.25,car,0.27,123,93,151,114
6,0.3,car,0.8,234,157,285,197
6,0.3,car,0.72,94,125,143,153
6,0.3,car,0.69,350,171,407,213
6,0.3,car,0.65,331,156,374,198
6,0.3,car,0.53,254,139,295,174
6,0.3,car,0.42,146,112,172,129
6,0.3,car,0.41,335,126,368,152
6,0.3,car,0.31,279,111,307,128
6,0.3,car,0.3,3,133,47,166
6,0.3,car,0.29,307,110,339,134
7,0.35,car,0.78,351,166,408,215
7,0.35,car,0.72,234,158,285,198
7,0.35,car,0.67,332,157,375,200
7,0.35,car,0.63,110,125,146,152
7,0.35,car,0.46,255,141,294,175
7,0.35,car,0.44,334,126,369,152
7,0.35,car,0.43,279,110,306,128
7,0.35,car,0.42,147,110,174,128
7,0.35,car,0.35,4,132,49,165
7,0.35,car,0.31,309,110,339,135
8,0.4,car,0.82,351,169,408,217
8,0.4,car,0.76,234,161,285,200
8,0.4,car,0.73,332,158,377,201
8,0.4,car,0.71,111,124,147,150
8,0.4,car,0.54,253,141,294,177
8,0.4,car,0.48,334,126,369,153
8,0.4,car,0.44,279,110,306,129
8,0.4,car,0.39,148,109,175,128
8,0.4,car,0.37,5,132,52,165
8,0.4,car,0.35,310,112,341,136
8,0.4,car,0.31,230,151,250,170
9,0.45,car,0.82,351,171,409,220
9,0.45,car,0.76,232,162,286,202
9,0.45,car,0.71,332,159,380,202
9,0.45,car,0.65,115,123,148,149
9,0.45,car,0.58,252,142,295,178
9,0.45,car,0.5,279,109,307,130
9,0.45,car,0.48,9,132,54,164
9,0.45,car,0.46,334,126,369,154
9,0.45,car,0.46,149,106,175,127
9,0.45,car,0.43,312,112,342,136
9,0.45,car,0.36,229,153,250,175
9,0.45,car,0.31,332,166,369,203
9,0.45,car,0.28,125,87,155,111
9,0.45,car,0.27,52,125,79,146
10,0.5,car,0.85,351,172,411,223
10,0.5,car,0.79,332,160,381,204
10,0.5,car,0.77,233,164,286,205
10,0.5,car,0.63,118,123,150,148
10,0.5,car,0.58,251,143,295,179
10,0.5,car,0.54,278,108,307,131
10,0.5,car,0.48,151,106,177,125
10,0.5,car,0.47,335,126,369,155
10,0.5,car,0.41,12,131,57,163
10,0.5,car,0.3,228,153,250,174
11,0.55,car,0.8,352,174,413,225
11,0.55,car,0.72,335,162,380,207
11,0.55,car,0.63,278,108,307,131
11,0.55,car,0.63,251,144,295,180
11,0.55,car,0.62,232,166,287,207
11,0.55,car,0.62,17,128,60,163
11,0.55,car,0.62,119,122,152,148
11,0.55,car,0.54,335,127,369,155
11,0.55,car,0.51,151,106,178,124
11,0.55,car,0.33,314,112,344,137
11,0.55,car,0.29,227,155,251,185
11,0.55,car,0.29,227,153,250,177
12,0.6,car,0.77,335,163,382,209
12,0.6,car,0.73,352,175,414,227
12,0.6,car,0.7,231,167,286,210
12,0.6,car,0.68,19,128,62,162
12,0.6,car,0.66,249,144,295,181
12,0.6,car,0.55,152,106,178,124
12,0.6,car,0.54,122,122,154,147
12,0.6,car,0.52,335,128,370,156
12,0.6,car,0.48,278,108,307,132
12,0.6,car,0.42,315,113,345,138
13,0.65,car,0.78,353,176,415,229
13,0.65,car,0.77,335,165,382,210
13,0.65,car,0.75,231,169,287,212
13,0.65,car,0.72,249,145,296,182
13,0.65,car,0.65,20,128,64,161
13,0.65,car,0.62,124,121,156,147
13,0.65,car,0.6,335,129,370,158
13,0.65,car,0.57,152,105,179,123
13,0.65,car,0.43,315,114,345,139
13,0.65,car,0.4,278,109,308,134
13,0.65,car,0.37,61,125,86,144
13,0.65,car,0.3,225,151,247,189
13,0.65,car,0.26,225,162,245,193
14,0.7,car,0.83,230,172,286,214
14,0.7,car,0.79,353,178,417,232
14,0.7,car,0.74,336,167,384,211
14,0.7,car,0.69,250,146,296,184
14,0.7,car,0.67,335,129,371,159
14,0.7,car,0.59,126,122,157,146
14,0.7,car,0.54,25,128,65,160
14,0.7,car,0.48,154,105,180,122
14,0.7,car,0.4,223,160,244,197
14,0.7,car,0.36,64,125,88,142
14,0.7,car,0.35,278,110,307,134
14,0.7,car,0.32,316,114,347,141
15,0.75,car,0.86,229,174,286,216
15,0.75,car,0.82,353,179,417,235
15,0.75,car,0.75,335,168,386,214
15,0.75,car,0.71,246,147,296,185
15,0.75,car,0.6,128,121,158,145
15,0.75,car,0.6,335,129,372,159
15,0.75,car,0.57,27,127,69,159
15,0.75,car,0.51,155,104,181,122
15,0.75,car,0.38,64,122,90,142
15,0.75,car,0.35,277,113,306,135
15,0.75,car,0.32,222,158,244,197
15,0.75,car,0.27,316,114,348,141
15,0.75,car,0.25,119,120,159,149
16,0.8,car,0.82,249,148,297,185
16,0.8,car,0.78,355,182,419,237
16,0.8,car,0.76,228,175,286,220
16,0.8,car,0.74,337,169,387,217
16,0.8,car,0.73,336,131,372,160
16,0.8,car,0.64,29,127,70,158
16,0.8,car,0.52,65,123,92,142
16,0.8,car,0.41,130,121,159,145
16,0.8,car,0.34,156,105,182,121
16,0.8,car,0.3,222,161,244,198
16,0.8,car,0.26,277,117,307,135
16,0.8,car,0.26,131,84,160,108
17,0.85,car,0.83,339,171,389,219
17,0.85,car,0.82,355,183,421,239
17,0.85,car,0.79,247,148,297,187
17,0.85,car,0.78,228,178,286,223
17,0.85,car,0.7,31,126,72,157
17,0.85,car,0.69,336,131,373,160
17,0.85,car,0.43,134,120,161,144
17,0.85,car,0.38,69,122,93,141
17,0.85,car,0.37,158,104,183,120
17,0.85,car,0.35,278,111,306,136
17,0.85,car,0.34,317,119,348,143
18,0.9,car,0.86,356,187,423,243
18,0.9,car,0.85,339,174,391,222
18,0.9,car,0.85,226,180,287,225
18,0.9,car,0.79,249,150,298,188
18,0.9,car,0.73,35,125,75,157
18,0.9,car,0.71,336,133,374,162
18,0.9,car,0.47,277,114,306,137
18,0.9,car,0.44,317,119,349,144
18,0.9,car,0.42,218,170,242,205
18,0.9,car,0.39,131,121,163,144
18,0.9,car,0.36,70,123,94,140
18,0.9,car,0.29,159,104,183,120
19,0.95,car,0.82,357,189,425,244
19,0.95,car,0.77,248,151,298,190
19,0.95,car,0.77,223,181,286,226
19,0.95,car,0.75,36,124,77,156
19,0.95,car,0.71,340,174,393,223
19,0.95,car,0.69,337,132,374,162
19,0.95,car,0.56,276,114,306,137
19,0.95,car,0.46,317,119,349,144
19,0.95,car,0.45,129,118,163,146
19,0.95,car,0.31,159,104,184,120
19,0.95,car,0.3,217,167,242,194
19,0.95,car,0.26,116,98,137,116
19,0.95,car,0.26,70,121,95,139
20,1.0,car,0.81,358,191,428,247
20,1.0,car,0.77,342,176,395,226
20,1.0,car,0.71,221,182,285,228
20,1.0,car,0.71,249,153,299,191
20,1.0,car,0.69,337,134,374,163
20,1.0,car,0.65,38,125,79,156
20,1.0,car,0.62,276,115,306,138
20,1.0,car,0.5,318,121,350,146
20,1.0,car,0.44,130,119,164,146
20,1.0,car,0.41,217,170,239,198
20,1.0,car,0.26,117,97,140,115
21,1.05,car,0.82,358,192,429,252
21,1.05,car,0.78,222,183,286,232
21,1.05,car,0.73,248,153,299,193
21,1.05,car,0.73,276,115,306,139
21,1.05,car,0.73,337,134,375,164
21,1.05,car,0.68,40,123,79,154
21,1.05,car,0.67,343,177,395,227
21,1.05,car,0.5,318,121,350,146
21,1.05,car,0.41,133,119,165,144
21,1.05,car,0.3,216,172,238,210
22,1.1,car,0.85,361,195,431,253
22,1.1,car,0.8,247,154,299,195
22,1.1,car,0.79,276,115,306,140
22,1.1,car,0.78,337,140,375,165
22,1.1,car,0.77,344,180,399,231
22,1.1,car,0.77,222,187,286,236
22,1.1,car,0.59,43,120,82,154
22,1.1,car,0.57,214,175,239,213
22,1.1,car,0.49,136,119,166,142
22,1.1,car,0.47,318,120,352,147
22,1.1,car,0.25,120,96,139,114
23,1.15,car,0.87,362,197,434,257
23,1.15,car,0.82,247,156,299,196
23,1.15,car,0.81,275,116,306,141
23,1.15,car,0.79,219,189,286,239
23,1.15,car,0.77,344,182,400,234
23,1.15,car,0.69,338,139,375,166
23,1.15,car,0.6,44,119,84,153
23,1.15,car,0.5,137,119,167,142
23,1.15,car,0.46,214,176,238,213
23,1.15,car,0.45,163,98,188,116
23,1.15,car,0.39,320,120,353,147
23,1.15,car,0.31,121,96,139,113
23,1.15,car,0.26,76,118,101,137
24,1.2,car,0.85,363,201,435,261
24,1.2,car,0.82,246,157,299,197
24,1.2,car,0.82,219,191,286,243
24,1.2,car,0.8,275,117,305,142
24,1.2,car,0.8,347,183,404,236
24,1.2,car,0.65,48,118,86,151
24,1.2,car,0.52,338,137,376,167
24,1.2,car,0.52,138,118,168,142
24,1.2,car,0.45,320,121,354,148
24,1.2,car,0.45,212,179,238,217
24,1.2,car,0.27,164,96,189,115
25,1.25,car,0.86,246,159,300,200
25,1.25,car,0.85,217,195,287,246
25,1.25,car,0.84,363,204,439,265
25,1.25,car,0.76,274,118,305,143
25,1.25,car,0.72,348,186,404,240
25,1.25,car,0.65,49,118,89,150
25,1.25,car,0.52,339,136,376,168
25,1.25,car,0.38,138,118,169,140
25,1.25,car,0.37,165,96,190,115
25,1.25,car,0.29,274,89,308,113
25,1.25,car,0.28,322,121,355,148
25,1.25,car,0.26,209,181,238,221
26,1.3,car,0.85,364,206,442,269
26,1.3,car,0.82,245,160,299,201
26,1.3,car,0.79,214,195,286,250
26,1.3,car,0.76,273,118,305,144
26,1.3,car,0.72,348,189,408,242
26,1.3,car,0.6,51,117,90,149
26,1.3,car,0.53,339,139,377,169
26,1.3,car,0.37,140,118,169,140
26,1.3,car,0.36,274,90,306,114
26,1.3,car,0.3,322,122,355,150
26,1.3,car,0.28,208,183,235,211
26,1.3,car,0.27,165,96,191,115
27,1.35,car,0.86,244,161,300,203
27,1.35,car,0.85,365,208,444,274
27,1.35,car,0.84,214,198,286,255
27,1.35,car,0.74,273,119,305,144
27,1.35,car,0.69,53,117,92,149
27,1.35,car,0.67,351,191,409,245
27,1.35,car,0.52,339,138,378,170
27,1.35,car,0.35,274,91,306,114
27,1.35,car,0.31,141,117,171,139
27,1.35,car,0.28,1,176,30,217
27,1.35,car,0.28,166,96,191,114
27,1.35,car,0.26,273,81,307,115
27,1.35,car,0.25,207,191,241,227
28,1.4,car,0.86,212,203,284,258
28,1.4,car,0.86,365,212,446,276
28,1.4,car,0.77,244,163,300,207
28,1.4,car,0.75,55,116,95,148
28,1.4,car,0.74,351,193,411,249
28,1.4,car,0.68,273,119,305,145
28,1.4,car,0.44,340,140,378,171
28,1.4,car,0.4,2,165,37,214
28,1.4,car,0.37,167,96,192,113
28,1.4,car,0.3,83,113,108,134
28,1.4,car,0.3,205,186,236,226
28,1.4,car,0.29,143,117,170,138
28,1.4,car,0.28,274,91,306,115
28,1.4,car,0.26,152,115,174,136
29,1.45,car,0.87,365,215,449,280
29,1.45,car,0.83,211,205,284,262
29,1.45,car,0.75,243,164,301,208
29,1.45,car,0.68,272,119,305,146
29,1.45,car,0.67,353,195,413,252
29,1.45,car,0.66,57,118,96,148
29,1.45,car,0.49,341,138,379,171
29,1.45,car,0.48,0,162,41,211
29,1.45,car,0.34,204,190,233,221
29,1.45,car,0.33,167,96,192,113
29,1.45,car,0.32,324,124,357,152
29,1.45,car,0.3,144,114,173,137
29,1.45,car,0.27,154,114,174,135
29,1.45,car,0.26,84,114,109,133
29,1.45,car,0.26,162,115,174,135
30,1.5,car,0.86,243,167,301,211
30,1.5,car,0.81,208,209,284,268
30,1.5,car,0.8,367,219,452,286
30,1.5,car,0.71,271,120,305,147
30,1.5,car,0.69,58,116,97,147
30,1.5,car,0.69,355,198,417,254
30,1.5,car,0.62,2,162,46,211
30,1.5,car,0.51,340,140,379,173
30,1.5,car,0.5,325,125,358,154
30,1.5,car,0.3,167,93,193,113
30,1.5,car,0.29,148,115,174,135
30,1.5,car,0.28,201,194,233,232
31,1.55,car,0.83,240,168,301,215
31,1.55,car,0.77,205,212,285,274
31,1.55,car,0.75,368,222,454,291
31,1.55,car,0.7,60,116,98,147
31,1.55,car,0.65,357,200,420,258
31,1.55,car,0.62,2,161,51,208
31,1.55,car,0.56,271,120,304,147
31,1.55,car,0.52,341,140,380,173
31,1.55,car,0.48,325,127,358,154
31,1.55,car,0.34,200,196,232,225
31,1.55,car,0.27,169,95,193,112
31,1.55,car,0.26,273,76,307,116
31,1.55,car,0.26,150,116,174,135
32,1.6,car,0.83,240,170,301,216
32,1.6,car,0.82,203,215,283,277
32,1.6,car,0.77,369,224,457,293
32,1.6,car,0.66,341,140,381,174
32,1.6,car,0.66,61,116,99,147
32,1.6,car,0.61,271,122,303,148
32,1.6,car,0.58,2,158,54,205
32,1.6,car,0.53,358,203,422,261
32,1.6,car,0.45,325,127,359,154
32,1.6,car,0.34,200,200,232,241
32,1.6,car,0.31,171,95,194,112
33,1.65,car,0.8,239,172,300,220
33,1.65,car,0.78,202,219,282,283
33,1.65,car,0.74,371,228,460,299
33,1.65,car,0.59,270,122,304,148
33,1.65,car,0.59,3,156,57,203
33,1.65,car,0.59,362,207,425,266
33,1.65,car,0.53,63,115,101,145
33,1.65,car,0.53,341,140,381,175
33,1.65,car,0.45,198,202,230,236
33,1.65,car,0.4,326,126,361,155
33,1.65,car,0.29,273,78,307,118
34,1.7,car,0.76,195,224,281,288
34,1.7,car,0.75,237,174,300,222
34,1.7,car,0.73,371,232,464,306
34,1.7,car,0.66,269,123,304,149
34,1.7,car,0.62,364,209,427,269
34,1.7,car,0.6,3,157,61,200
34,1.7,car,0.52,66,116,102,144
34,1.7,car,0.43,341,141,382,176
34,1.7,car,0.27,172,94,194,110
34,1.7,bus,0.27,274,79,307,118
34,1.7,car,0.26,196,205,229,240
34,1.7,car,0.25,327,126,363,156
34,1.7,car,0.25,273,79,307,118
35,1.75,car,0.85,194,226,280,293
35,1.75,car,0.73,372,237,466,311
35,1.75,car,0.68,237,176,300,224
35,1.75,car,0.68,365,213,430,273
35,1.75,car,0.66,3,154,65,199
35,1.75,car,0.62,269,124,302,150
35,1.75,car,0.46,68,115,102,144
35,1.75,car,0.44,342,142,383,178
35,1.75,car,0.38,193,208,227,241
35,1.75,car,0.27,172,93,195,108
36,1.8,car,0.79,192,228,278,298
36,1.8,car,0.78,373,238,469,316
36,1.8,car,0.74,237,177,299,227
36,1.8,car,0.68,367,214,432,276
36,1.8,car,0.64,7,153,68,197
36,1.8,car,0.47,268,124,303,151
36,1.8,car,0.39,342,142,384,178
36,1.8,car,0.29,192,214,224,248
37,1.85,car,0.81,374,244,472,323
37,1.85,car,0.77,235,180,299,229
37,1.85,car,0.68,187,234,278,306
37,1.85,car,0.63,369,219,436,282
37,1.85,car,0.63,12,156,70,195
37,1.85,car,0.47,343,143,385,180
37,1.85,car,0.42,267,126,302,152
37,1.85,car,0.32,190,217,223,251
37,1.85,car,0.28,72,118,105,141
37,1.85,car,0.27,329,128,363,158
38,1.9,car,0.82,234,183,300,233
38,1.9,car,0.78,185,240,277,311
38,1.9,car,0.61,376,247,476,329
38,1.9,car,0.58,17,150,75,193
38,1.9,car,0.48,370,223,439,287
38,1.9,car,0.46,267,128,302,153
38,1.9,car,0.42,344,143,385,181
38,1.9,car,0.32,267,137,302,152
38,1.9,car,0.26,173,90,197,108
39,1.95,car,0.84,232,185,298,236
39,1.95,car,0.76,183,244,276,316
39,1.95,car,0.67,375,251,481,335
39,1.95,car,0.66,21,149,78,191
39,1.95,car,0.54,266,128,301,153
39,1.95,car,0.51,344,144,386,182
39,1.95,car,0.44,370,225,441,290
39,1.95,car,0.42,267,136,302,153
39,1.95,car,0.33,174,89,198,107
39,1.95,car,0.29,188,211,222,252
39,1.95,car,0.26,274,81,307,121
40,2.0,car,0.85,231,186,297,238
40,2.0,car,0.67,179,248,276,323
40,2.0,car,0.65,24,147,80,190
40,2.0,car,0.64,266,128,301,154
40,2.0,car,0.5,373,228,442,294
40,2.0,car,0.48,378,258,484,344
40,2.0,car,0.45,343,146,387,183
40,2.0,car,0.37,156,109,181,129
40,2.0,car,0.28,330,129,367,162
40,2.0,car,0.27,274,82,306,122
40,2.0,car,0.26,175,89,199,107
41,2.05,car,0.83,229,190,297,242
41,2.05,car,0.73,264,129,301,155
41,2.05,car,0.7,27,147,83,188
41,2.05,car,0.59,177,254,276,329
41,2.05,car,0.57,343,147,387,184
41,2.05,car,0.48,376,249,488,349
41,2.05,car,0.34,157,109,182,128
41,2.05,car,0.28,176,88,200,105
41,2.05,car,0.27,274,81,307,123
41,2.05,car,0.27,330,129,368,163
42,2.1,car,0.82,227,192,296,246
42,2.1,car,0.78,264,129,301,156
42,2.1,car,0.69,31,145,87,186
42,2.1,car,0.58,344,149,388,185
42,2.1,car,0.52,377,241,493,356
42,2.1,car,0.39,173,258,275,340
42,2.1,car,0.29,330,130,370,163
42,2.1,car,0.29,158,108,182,127
43,2.15,car,0.85,223,195,295,250
43,2.15,car,0.8,263,129,301,157
43,2.15,car,0.75,34,143,88,185
43,2.15,car,0.64,169,263,273,345
43,2.15,car,0.56,344,149,389,186
43,2.15,car,0.52,381,272,497,356
43,2.15,car,0.36,388,240,449,266
43,2.15,car,0.31,81,109,114,137
43,2.15,car,0.29,331,132,369,164
43,2.15,car,0.26,14,143,34,162
43,2.15,car,0.25,274,83,307,123
44,2.2,car,0.87,221,198,295,254
44,2.2,car,0.8,264,131,301,158
44,2.2,car,0.75,38,143,91,183
44,2.2,car,0.54,165,269,272,355
44,2.2,car,0.41,379,246,504,355
44,2.2,car,0.39,344,150,389,188
44,2.2,car,0.32,331,132,369,164
44,2.2,car,0.29,160,108,183,125
44,2.2,car,0.28,274,84,306,124
44,2.2,car,0.25,384,276,502,356
45,2.25,car,0.86,220,200,294,258
45,2.25,car,0.81,264,131,300,158
45,2.25,car,0.76,41,143,94,182
45,2.25,car,0.66,162,275,270,358
45,2.25,car,0.55,391,285,507,357
45,2.25,car,0.38,345,151,390,190
45,2.25,car,0.37,332,132,370,165
45,2.25,car,0.33,275,86,306,125
45,2.25,car,0.32,379,249,507,356
45,2.25,car,0.31,378,250,459,327
45,2.25,car,0.3,161,107,183,124
45,2.25,truck,0.29,344,150,390,189
46,2.3,car,0.85,263,132,300,159
46,2.3,car,0.85,219,205,293,261
46,2.3,car,0.8,44,142,96,181
46,2.3,car,0.56,161,281,266,358
46,2.3,car,0.47,345,151,391,190
46,2.3,car,0.41,332,134,372,166
46,2.3,car,0.39,379,253,521,356
46,2.3,car,0.33,275,85,306,125
46,2.3,car,0.31,161,106,184,124
46,2.3,car,0.27,390,288,521,357
47,2.35,car,0.84,262,132,299,160
47,2.35,car,0.83,216,208,291,266
47,2.35,car,0.78,47,140,96,179
47,2.35,car,0.63,156,289,269,358
47,2.35,car,0.38,380,257,529,356
47,2.35,car,0.37,345,152,391,192
47,2.35,truck,0.34,345,152,391,192
47,2.35,car,0.33,333,134,372,167
47,2.35,car,0.29,88,105,128,134
47,2.35,car,0.26,275,85,307,126
48,2.4,car,0.85,262,132,299,161
48,2.4,car,0.84,213,212,290,272
48,2.4,car,0.72,50,140,101,178
48,2.4,car,0.58,381,262,532,355
48,2.4,car,0.56,152,295,269,358
48,2.4,car,0.49,345,154,392,194
48,2.4,car,0.33,27,139,46,157
48,2.4,car,0.28,160,105,184,123
48,2.4,truck,0.28,345,154,392,194
48,2.4,car,0.26,90,104,130,134
49,2.45,car,0.85,211,216,289,277
49,2.45,car,0.81,261,132,299,162
49,2.45,car,0.7,52,137,104,176
49,2.45,car,0.55,381,268,530,355
49,2.45,car,0.49,346,155,393,196
49,2.45,truck,0.32,346,155,393,196
49,2.45,car,0.29,146,303,268,358
49,2.45,car,0.26,161,105,184,123
50,2.5,car,0.85,209,220,287,282
50,2.5,car,0.77,261,133,299,163
50,2.5,car,0.73,55,136,106,175
50,2.5,car,0.49,383,270,526,357
50,2.5,truck,0.43,345,156,393,198
50,2.5,car,0.37,144,310,268,357
50,2.5,car,0.35,92,104,130,132
50,2.5,car,0.35,345,156,393,198
50,2.5,car,0.26,31,138,50,154
50,2.5,car,0.25,161,105,184,122
51,2.55,car,0.83,205,223,286,287
51,2.55,car,0.82,260,134,298,163
51,2.55,car,0.7,60,134,110,175
51,2.55,car,0.48,346,158,395,199
51,2.55,truck,0.4,346,157,394,199
51,2.55,car,0.31,163,103,187,121
51,2.55,car,0.3,385,278,525,358
51,2.55,car,0.3,146,317,255,359
52,2.6,car,0.84,259,135,298,165
52,2.6,car,0.82,204,226,283,293
52,2.6,car,0.72,62,129,111,172
52,2.6,car,0.56,346,159,395,201
52,2.6,car,0.46,335,139,378,172
52,2.6,truck,0.43,346,158,395,201
52,2.6,car,0.29,387,285,491,356
52,2.6,car,0.27,141,81,157,96
52,2.6,car,0.25,276,87,309,131
53,2.65,car,0.85,259,135,297,165
53,2.65,car,0.76,201,229,282,297
53,2.65,car,0.76,66,128,114,171
53,2.65,car,0.54,346,160,396,202
53,2.65,truck,0.42,346,159,396,202
53,2.65,car,0.4,335,139,378,173
53,2.65,car,0.32,384,289,484,355
53,2.65,car,0.25,141,80,158,95
54,2.7,car,0.89,258,136,297,166
54,2.7,car,0.82,68,130,116,170
54,2.7,car,0.75,196,232,280,302
54,2.7,car,0.53,335,139,377,174
54,2.7,car,0.5,346,160,398,206
54,2.7,car,0.42,384,297,489,357
54,2.7,car,0.34,275,87,310,131
54,2.7,car,0.28,142,302,196,359
55,2.75,car,0.87,256,136,296,167
55,2.75,car,0.74,71,129,118,169
55,2.75,car,0.69,194,232,279,308
55,2.75,car,0.53,347,162,398,206
55,2.75,car,0.43,276,88,311,132
55,2.75,car,0.43,336,139,379,174
55,2.75,car,0.32,385,304,490,357
56,2.8,car,0.87,256,136,295,167
56,2.8,car,0.72,76,131,120,167
56,2.8,car,0.65,190,244,277,316
56,2.8,car,0.64,347,164,399,208
56,2.8,car,0.42,337,140,379,175
56,2.8,car,0.37,276,88,312,132
56,2.8,car,0.27,99,98,135,127
56,2.8,car,0.27,331,127,364,155
57,2.85,car,0.86,255,137,295,168
57,2.85,car,0.79,187,249,275,322
57,2.85,car,0.77,77,127,123,166
57,2.85,car,0.73,348,166,400,211
57,2.85,car,0.5,337,140,380,177
57,2.85,car,0.34,275,88,312,132
57,2.85,car,0.3,167,100,189,116
58,2.9,car,0.88,254,137,294,170
58,2.9,car,0.81,79,126,125,164
58,2.9,car,0.74,183,254,273,329
58,2.9,car,0.7,347,167,401,213
58,2.9,car,0.55,338,141,380,177
58,2.9,car,0.44,167,99,190,116
58,2.9,car,0.29,278,93,312,134
59,2.95,car,0.83,82,126,127,163
59,2.95,car,0.83,253,138,294,170
59,2.95,car,0.7,348,168,403,215
59,2.95,car,0.55,338,143,381,178
59,2.95,car,0.4,178,260,273,339
59,2.95,car,0.35,278,97,313,134
59,2.95,car,0.3,329,128,365,158
59,2.95,car,0.25,190,79,208,94
60,3.0,car,0.82,83,124,128,163
60,3.0,car,0.78,253,139,294,171
60,3.0,car,0.77,349,169,404,218
60,3.0,car,0.61,338,143,382,178
60,3.0,car,0.36,329,128,365,158
60,3.0,car,0.34,281,102,315,134
60,3.0,car,0.27,176,264,272,345
60,3.0,car,0.26,51,109,85,147
61,3.05,car,0.84,348,171,404,221
61,3.05,car,0.74,86,123,130,162
61,3.05,car,0.66,252,140,293,172
61,3.05,car,0.57,338,143,383,179
61,3.05,car,0.39,279,101,317,134
61,3.05,car,0.38,328,128,365,159
62,3.1,car,0.75,348,173,405,222
62,3.1,car,0.74,88,121,132,161
62,3.1,car,0.66,252,140,292,173
62,3.1,car,0.58,338,144,385,179
62,3.1,car,0.45,282,103,316,135
62,3.1,car,0.4,328,129,365,160
62,3.1,car,0.27,171,277,267,357
63,3.15,car,0.79,350,176,407,225
63,3.15,car,0.78,251,141,292,174
63,3.15,car,0.75,92,123,135,159
63,3.15,car,0.62,339,144,385,180
63,3.15,car,0.51,328,129,365,161
63,3.15,car,0.48,284,103,317,135
63,3.15,car,0.32,171,95,193,111
64,3.2,car,0.82,350,178,409,228
64,3.2,car,0.77,250,142,291,175
64,3.2,car,0.73,92,121,136,158
64,3.2,car,0.7,339,145,386,183
64,3.2,car,0.57,327,130,364,162
64,3.2,car,0.55,285,103,318,137
64,3.2,car,0.28,328,142,359,162
64,3.2,car,0.27,171,95,193,111
64,3.2,car,0.27,122,177,277,355
65,3.25,car,0.86,248,143,291,176
65,3.25,car,0.8,350,179,410,231
65,3.25,car,0.75,340,146,387,183
65,3.25,car,0.66,96,120,139,156
65,3.25,car,0.59,327,130,363,162
65,3.25,car,0.58,285,104,319,137
65,3.25,car,0.34,173,95,193,110
65,3.25,car,0.29,327,139,359,162
66,3.3,car,0.77,247,144,291,177
66,3.3,car,0.76,342,147,388,184
66,3.3,car,0.76,352,179,413,233
66,3.3,car,0.72,97,119,141,155
66,3.3,car,0.63,326,130,363,162
66,3.3,car,0.43,286,104,320,137
66,3.3,car,0.3,174,95,194,109
66,3.3,car,0.27,35,55,78,87
67,3.35,car,0.8,246,145,290,179
67,3.35,car,0.78,100,119,142,155
67,3.35,car,0.75,341,147,389,185
67,3.35,car,0.71,352,182,414,237
67,3.35,car,0.63,327,130,363,163
67,3.35,car,0.36,286,104,322,138
67,3.35,car,0.33,177,93,196,108
67,3.35,car,0.25,146,44,172,81
68,3.4,car,0.83,246,146,290,179
68,3.4,car,0.79,341,148,389,186
68,3.4,car,0.77,353,184,417,240
68,3.4,car,0.74,102,119,143,154
68,3.4,car,0.56,327,131,363,164
68,3.4,car,0.45,177,92,196,108
68,3.4,car,0.36,288,104,323,139
68,3.4,car,0.28,146,43,171,82
68,3.4,car,0.26,34,54,78,87
69,3.45,car,0.85,246,145,289,181
69,3.45,car,0.77,356,188,418,243
69,3.45,car,0.74,343,150,390,190
69,3.45,car,0.7,106,118,146,154
69,3.45,car,0.53,290,105,323,140
69,3.45,car,0.52,327,132,362,165
69,3.45,car,0.35,178,91,196,107
70,3.5,car,0.84,245,146,289,182
70,3.5,car,0.71,343,150,392,190
70,3.5,car,0.67,107,119,148,153
70,3.5,car,0.67,357,190,421,246
70,3.5,car,0.49,328,133,364,165
70,3.5,car,0.38,68,107,103,141
70,3.5,car,0.37,178,91,197,107
70,3.5,car,0.36,291,107,325,141
71,3.55,car,0.84,244,147,288,183
71,3.55,car,0.81,357,192,424,250
71,3.55,car,0.74,344,151,393,192
71,3.55,car,0.73,110,126,149,152
71,3.55,car,0.44,292,107,326,142
71,3.55,car,0.41,328,134,364,166
71,3.55,car,0.3,272,105,300,130
71,3.55,car,0.26,178,89,197,106
72,3.6,car,0.82,244,148,288,184
72,3.6,car,0.8,345,153,396,194
72,3.6,car,0.78,359,195,426,253
72,3.6,car,0.71,112,120,151,150
72,3.6,car,0.58,328,134,364,166
72,3.6,car,0.4,272,105,299,130
72,3.6,car,0.38,292,108,327,143
72,3.6,car,0.35,178,89,198,106
72,3.6,car,0.27,73,105,107,139
73,3.65,car,0.85,346,154,397,195
73,3.65,car,0.81,242,148,288,185
73,3.65,car,0.8,360,198,429,257
73,3.65,car,0.73,116,124,154,149
73,3.65,car,0.45,328,135,365,167
73,3.65,car,0.41,272,107,300,130
73,3.65,car,0.32,294,108,329,143
74,3.7,car,0.82,240,149,287,187
74,3.7,car,0.79,117,120,155,148
74,3.7,car,0.79,346,154,398,197
74,3.7,car,0.76,362,200,431,262
74,3.7,car,0.44,329,135,367,167
74,3.7,car,0.41,272,104,301,131
74,3.7,car,0.35,295,108,331,144
74,3.7,car,0.29,72,105,106,137
74,3.7,car,0.27,180,88,199,104
75,3.75,car,0.88,239,150,286,188
75,3.75,car,0.84,346,155,399,198
75,3.75,car,0.8,119,122,157,147
75,3.75,car,0.75,365,204,435,266
75,3.75,car,0.72,328,135,367,169
75,3.75,car,0.47,295,109,332,145
75,3.75,car,0.39,271,103,303,132
75,3.75,car,0.34,73,104,111,137
75,3.75,car,0.26,181,88,199,103
75,3.75,traffic light,0.25,138,46,160,69
76,3.8,car,0.87,348,157,400,201
76,3.8,car,0.82,238,152,285,190
76,3.8,car,0.78,366,208,438,270
76,3.8,car,0.78,122,123,157,146
76,3.8,car,0.51,329,135,369,169
76,3.8,car,0.38,271,103,302,133
76,3.8,car,0.31,297,108,334,146
77,3.85,car,0.87,348,157,402,203
77,3.85,car,0.79,368,211,441,274
77,3.85,car,0.79,236,152,284,191
77,3.85,car,0.76,123,123,158,145
77,3.85,car,0.6,329,136,369,170
77,3.85,car,0.34,271,103,303,133
77,3.85,bus,0.28,299,109,335,146
78,3.9,car,0.88,349,159,404,205
78,3.9,car,0.84,370,214,445,279
78,3.9,car,0.83,235,153,284,192
78,3.9,car,0.68,125,122,158,145
78,3.9,car,0.68,329,136,367,170
78,3.9,car,0.43,299,109,336,147
78,3.9,car,0.32,84,101,114,134
78,3.9,car,0.31,270,102,305,134
79,3.95,car,0.86,235,154,284,195
79,3.95,car,0.8,373,217,449,284
79,3.95,car,0.78,350,161,406,206
79,3.95,car,0.74,128,121,162,143
79,3.95,car,0.62,329,137,372,171
79,3.95,car,0.42,300,110,337,147
79,3.95,car,0.32,85,100,117,133
79,3.95,car,0.31,271,102,305,134
80,4.0,car,0.88,232,156,284,196
80,4.0,car,0.79,351,163,408,207
80,4.0,car,0.78,374,223,453,289
80,4.0,car,0.76,130,121,162,142
80,4.0,car,0.54,328,137,372,173
80,4.0,car,0.47,300,110,339,148
80,4.0,car,0.37,85,100,117,133
80,4.0,car,0.33,270,102,307,134
81,4.05,car,0.82,232,157,283,199
81,4.05,car,0.78,351,163,409,209
81,4.05,car,0.77,378,225,456,294
81,4.05,car,0.73,131,120,164,141
81,4.05,car,0.49,270,103,307,134
81,4.05,car,0.48,330,138,373,174
81,4.05,car,0.41,301,110,340,149
81,4.05,car,0.34,86,99,119,131
82,4.1,car,0.84,351,165,410,211
82,4.1,car,0.82,379,229,461,299
82,4.1,car,0.81,231,158,282,199
82,4.1,car,0.66,302,111,341,150
82,4.1,car,0.66,133,120,165,139
82,4.1,car,0.59,271,103,307,134
82,4.1,car,0.57,331,139,373,174
82,4.1,car,0.42,86,99,119,132
83,4.15,car,0.85,230,159,281,201
83,4.15,car,0.85,352,166,412,214
83,4.15,car,0.82,381,233,465,306
83,4.15,car,0.67,134,119,166,138
83,4.15,car,0.63,331,139,373,175
83,4.15,car,0.55,271,103,307,135
83,4.15,car,0.53,302,111,343,150
83,4.15,car,0.36,88,98,121,131
84,4.2,car,0.85,353,168,413,215
84,4.2,car,0.84,229,160,281,203
84,4.2,car,0.77,381,238,469,312
84,4.2,car,0.69,330,140,373,175
84,4.2,car,0.66,135,118,167,138
84,4.2,car,0.6,270,103,308,136
84,4.2,car,0.48,88,97,122,131
84,4.2,car,0.39,303,111,343,150
85,4.25,car,0.87,354,169,415,219
85,4.25,car,0.79,385,242,473,319
85,4.25,car,0.77,227,162,280,206
85,4.25,car,0.69,269,104,308,138
85,4.25,car,0.66,331,140,374,175
85,4.25,car,0.65,136,116,170,137
85,4.25,car,0.49,88,96,124,130
85,4.25,car,0.37,304,112,343,151
86,4.3,car,0.86,356,171,416,222
86,4.3,car,0.83,387,248,479,326
86,4.3,car,0.81,226,163,280,207
86,4.3,car,0.7,138,115,170,136
86,4.3,car,0.67,268,104,308,139
86,4.3,car,0.64,330,141,375,176
86,4.3,car,0.46,90,96,126,131
87,4.35,car,0.84,355,173,417,223
87,4.35,car,0.75,225,165,279,209
87,4.35,car,0.75,392,253,482,333
87,4.35,car,0.71,140,115,171,135
87,4.35,car,0.7,268,105,308,140
87,4.35,car,0.65,331,142,376,177
87,4.35,car,0.46,91,97,125,130
88,4.4,car,0.85,394,257,487,340
88,4.4,car,0.83,355,175,418,226
88,4.4,car,0.82,224,166,279,212
88,4.4,car,0.71,141,114,173,134
88,4.4,car,0.7,331,142,376,178
88,4.4,car,0.69,268,105,308,141
88,4.4,car,0.45,93,96,126,129
88,4.4,car,0.26,12,136,53,166
89,4.45,car,0.86,356,176,421,228
89,4.45,car,0.79,396,264,494,348
89,4.45,car,0.79,223,168,278,214
89,4.45,car,0.74,268,106,307,142
89,4.45,car,0.73,331,142,376,178
89,4.45,car,0.7,143,114,173,132
89,4.45,car,0.4,93,95,126,128
89,4.45,truck,0.27,310,113,349,155
90,4.5,car,0.86,357,178,422,231
90,4.5,car,0.82,400,270,498,357
90,4.5,car,0.81,221,170,277,216
90,4.5,car,0.73,268,106,307,142
90,4.5,car,0.72,331,142,376,179
90,4.5,car,0.62,144,113,174,131
90,4.5,car,0.36,95,95,126,127
90,4.5,truck,0.3,311,112,350,155
90,4.5,car,0.29,23,135,60,164
91,4.55,car,0.86,358,180,423,233
91,4.55,car,0.82,403,274,502,357
91,4.55,car,0.78,220,172,277,219
91,4.55,car,0.77,330,142,376,180
91,4.55,car,0.71,268,106,307,143
91,4.55,car,0.59,145,113,176,130
91,4.55,car,0.36,96,95,129,127
91,4.55,truck,0.31,312,112,351,156
91,4.55,bus,0.27,313,112,351,156
92,4.6,car,0.84,358,182,424,236
92,4.6,car,0.78,405,281,508,358
92,4.6,car,0.72,219,174,277,222
92,4.6,car,0.7,267,106,307,143
92,4.6,car,0.7,330,142,376,182
92,4.6,car,0.69,147,111,177,130
92,4.6,car,0.32,98,95,131,125
92,4.6,truck,0.28,313,113,353,156
92,4.6,car,0.27,25,134,63,163
93,4.65,car,0.84,358,183,427,239
93,4.65,car,0.74,408,289,514,358
93,4.65,car,0.71,217,176,276,225
93,4.65,car,0.67,331,144,375,182
93,4.65,car,0.65,148,111,178,130
93,4.65,car,0.65,267,108,307,144
93,4.65,car,0.33,99,95,130,125
93,4.65,car,0.31,27,136,63,162
93,4.65,car,0.26,314,115,355,158
94,4.7,car,0.83,359,186,428,242
94,4.7,car,0.78,215,177,276,228
94,4.7,car,0.77,411,296,519,358
94,4.7,car,0.77,331,145,375,183
94,4.7,car,0.68,149,110,180,129
94,4.7,car,0.66,267,109,306,144
94,4.7,car,0.35,100,94,131,124
